{"width":256,"imagePath":"baishe_tex.png","SubTexture":[{"width":96,"y":166,"height":53,"name":"脖子","x":1},{"width":147,"y":1,"height":163,"name":"头","x":1},{"frameHeight":24,"y":221,"frameX":0,"width":63,"frameY":-1,"height":23,"name":"眼睁","frameWidth":63,"x":1},{"frameHeight":24,"y":166,"frameX":0,"width":63,"frameY":-1,"height":23,"name":"眼闭","frameWidth":63,"x":146},{"width":37,"y":166,"height":22,"name":"嘴闭","x":211},{"width":37,"y":190,"height":22,"name":"嘴张","x":211},{"width":45,"y":166,"height":76,"name":"手","x":99}],"height":256,"name":"baishe"}