{"imagePath":"hu_tex.png","width":256,"height":512,"name":"hu","SubTexture":[{"frameY":-7,"y":1,"frameWidth":200,"frameHeight":200,"width":200,"height":189,"name":"框3","frameX":0,"x":1},{"width":72,"y":403,"height":87,"name":"5尾巴","x":144},{"width":158,"y":192,"height":131,"name":"4身","x":1},{"width":58,"y":459,"height":52,"name":"2下吧","x":1},{"width":141,"y":325,"height":132,"name":"1头","x":1},{"frameY":-1,"y":325,"frameWidth":85,"frameHeight":77,"width":85,"height":76,"name":"3爪","frameX":0,"x":144}]}