{
	"DATA": [{
		"have_scatter": [ 0, 0, 1, 1, 1 ],
		"sound_type"  : [ "cai", "se", "jin", "ximenqing", "wudalang", "goods",  "goods",   "words", "words", "words", "words" ],
		"floor_type"  : [ "cai", "se", "jin", "ximenqing", "wudalang", "huaping","biyanhu"],
		"dragon_bones": [ "cai", "se", "jin", "ximenqing", "wudalang", "jiubei", "chunyao"],
		"cards"       : [ "cai", "se", "jin", "ximenqing", "wudalang", "jiubei", "chunyao", "A",     "K",     "Q",     "J" ],
		"uiconfig"    : { "rn":15, "ln":50, "column":5, "row":3, "s_p_x":315, "s_p_y":248, "r_d_x":176, "r_d_y":159 }
	},{
		"have_scatter": [ 0, 0, 1, 1, 1 ],
		"sound_type"  : [ "cai", "se", "ping", "ximenqing", "baimao", "bolanggu", "goods",   "words", "words", "words", "words" ],
		"floor_type"  : [ "cai", "se", "ping", "ximenqing", "baimao", "biyanhu",  "huaping"],
		"dragon_bones": [ "cai", "se", "ping", "ximenqing"],
		"cards"       : [ "cai", "se", "ping", "ximenqing", "baimao", "bolanggu", "huaping", "A",     "K",     "Q",     "J" ],
		"uiconfig"    : { "rn":15, "ln":50, "column":5, "row":3, "s_p_x":315, "s_p_y":248, "r_d_x":176, "r_d_y":159 }
	},{
		"have_scatter": [ 0, 0, 1, 1, 1 ],
		"sound_type"  : [ "cai", "se", "mei", "ximenqing", "goods", "goods",   "goods",  "words", "words", "words", "words" ],
		"floor_type"  : [ "cai", "se", "mei", "ximenqing", "yumao", "xianglu", "biyanhu"],
		"dragon_bones": [ "cai", "se", "mei", "ximenqing"],
		"cards"       : [ "cai", "se", "mei", "ximenqing", "yumao", "xianglu", "biyanhu", "A", "K", "Q", "J"],
		"uiconfig"    : { "rn":15, "ln":25, "column":5, "row":3, "s_p_x":315, "s_p_y":248, "r_d_x":176, "r_d_y":159 }
	}]
}