{
	"DATA": [{
		"have_scatter": [ 0, 0, 0, 0, 1 ],
		"floor_type"  : [ 4, 7, 10, 13, 3, 1, 2, 4, 0, 0 ],
		"dragon_bones": [ "fenghuang", "xiuniang", "changmingsuo", "shanzi" ],
		"sound_type"  : [ "fenghuang", "weijiashi", "zhangmomo", "linglong", "goods",        "goods",  "goods",     "goods", "words", "words" ],
		"cards"       : [ "fenghuang", "xiuniang",  "zhangmomo", "linglong", "changmingsuo", "shanzi", "xiangnang", "luozi", "a",     "k" ],
		"uiconfig"    : { "rn":15, "ln":15, "column":5, "row":3, "s_p_x":315, "s_p_y":248, "r_d_x":176, "r_d_y":159 }
	},{
		"have_scatter": [ 0, 0, 1, 1, 1 ],
		"floor_type"  : [ 4, 8, 8, 8, 11, 14, 5, 4, 3, 0, 0, 0, 0, 0 ],
		"dragon_bones": [ "fenghuang", "gongnv", "huanghou", "chabei" ],
		"sound_type"  : [ "fenghuang", "weijiashi", "weijiashi", "weijiashi", "huanghou", "gaoguifei", "goods",   "goods",  "goods",  "words", "words", "words", "words", "words" ],
		"cards"       : [ "fenghuang", "gongnv",    "gongnv",    "gongnv",    "huanghou", "gaoguifei", "shibazi", "chabei", "fachai", "a",    "k",     "q",     "j",     "10" ],
		"uiconfig"    : { "rn":15, "ln":40, "column":5, "row":3, "s_p_x":315, "s_p_y":248, "r_d_x":176, "r_d_y":159 }
	},{
		"have_scatter": [ 0, 0, 0, 0, 1 ],
		"floor_type"  : [ 4, 9, 12, 13, 4, 3, 2, 0, 0, 0, 0, 0 ],
		"dragon_bones": [ "fenghuang", "weijiashi", "boheng", "yupei", "matong" ],
		"sound_type"  : [ "fenghuang", "weijiashi", "boheng", "linglong", "goods", "goods", "goods",  "words", "words", "words", "words", "words" ],
		"cards"       : [ "fenghuang", "weijiashi", "boheng", "linglong", "luozi", "yupei", "matong", "a",    "k",     "q",     "j",     "10" ],
		"uiconfig"    : { "rn":20, "ln":50, "column":5, "row":4, "s_p_x":317, "s_p_y":190, "r_d_x":175, "r_d_y":130 }
	}]
}