{
	"FAQ": [{
		"title": "1A: Tiền tệ trong game như thế nào?",
		"content": "Tiền ảo trong game gồm kim cương và vàng, vàng dùng để chơi game, kim cương để mua vàng và đạo cụ trong game. Tất cả tiền trong game đều là tiền ảo, chỉ dùng để giải trí, không dùng để giao dịch chuyển"
	},{
		"title": "2A: Đứt kết nối trong khi chơi",
		"content": "Hãy kiểm tra lại kết nối mạng, đổi sang kết nối tốt hơn. Nếu vẫn không thành công, hãy tìm CSKH phản hồi nhé! Hãy nhớ cung cấp thông tin về mạng (WiFi hay mạng di động, nhà mạng)"
	},{
		"title": "3A: Không thể cập nhật/ lỗi tải tài nguyên",
		"content": "Kiểm tra mạng của bạn, có thể thử tải lại game hoặc liên hệ CSKH."
	},{
		"title": "4A: Không đăng nhập được",
		"content": "Hãy kiểm tra mạng của bạn, nếu kết nối mạng bình thường và không thể đăng nhập, hãy liên hệ CSKH phản hồi ngay. Hãy thử đổi kết nối mạng, VD đổi giữa 3G, 4G và WiFi. Nếu vấn đề vẫn tồn tại, hãy liên hệ CSKH"
	},{
		"title": "5A: Làm thế nào khi người chơi khác spam chat",
		"content": "Nhấn vào hình đại diện của người chơi đó, chọn [Tố cáo] là được."
	},{
		"title": "6A: Làm gì khi nạp không nhận được",
		"content": "Nếu mạng chậm hoặc có nguyên nhân khác dẫn đến tiền ảo chưa cộng vào game, hệ thống sẽ tự động bù cho bạn; nếu không được bù, hãy gửi UID cùng với chứng minh mua hàng (hình ảnh đơn hàng) chửi cho CSKH, chúng tôi sẽ lập tức bù đơn."
	}]
}