{
	"message": [{
		"name":"_1_1",
		"content":{
			"_1":{"pos":{"x":"10","y":"205"},"item":"雷峰塔","size":"28","explain_size":"26",
				"explain":"面奖图示，仅出现在1、3、5列，只要\n出现即产生支付，无需连线。3个以上\n触发FREE GAMES。",
				"explain_pos":{"x":"185","y":"115"}},
			"_2":{"pos":{"x":"-10","y":"-50"},"item":"白蛇","size":"28","explain_size":"26",
				"explain":"百搭图示，出现在任意列，可替代\nSCATTER以外的任意图示。",
				"explain_pos":{"x":"-190","y":"-135"}}
		}
	},{
		"name":"_1_2",
		"content":{
			"_1":{"pos":{"x":"-80","y":"230"},"item":"许 仙"},
			"_2":{"pos":{"x":"190","y":"230"},"item":"青 蛇"},
			"_3":{"pos":{"x":"-345","y":"55"},"item":"纸 伞"},
			"_4":{"pos":{"x":"-80","y":"55"},"item":"金 钗"},
			"_5":{"pos":{"x":"190","y":"55"},"item":"团 扇"},
			"_6":{"pos":{"x":"435","y":"55"},"item":"A"},
			"_7":{"pos":{"x":"-345","y":"-123"},"item":"K"},
			"_8":{"pos":{"x":"-80","y":"-123"},"item":"Q"},
			"_9":{"pos":{"x":"190","y":"-123"},"item":"J"},
			"_10":{"pos":{"x":"435","y":"-123"},"item":"10"}
		}
	},{
		"name":"_2_1",
		"content":{
			"_1":{"pos":{"x":"0","y":"255"},"item":"雷峰塔","size":"28","explain_size":"26",
				"explain":"面奖图示，出现在任意列，只要出现\n即产生支付，无需连线。3个以上触发\nFREE GAMES.",
				"explain_pos":{"x":"180","y":"175"}},
			"_2":{"pos":{"x":"-10","y":"65"},"item":"白蛇","size":"28","explain_size":"26",
				"explain":"百搭图示，出现在任意列，可替代\nSCATTER以外的任意图示。",
				"explain_pos":{"x":"-200","y":"-15"}},
			"_3":{"pos":{"x":"20","y":"-120"},"item":"神秘图示","size":"28","explain_size":"26",
				"explain":"神秘图示，只出现在第3列，出现时\n可将其他图示变为WILD。",
				"explain_pos":{"x":"185","y":"-200"}}
		}
	},{
		"name":"_2_2",
		"content":{
			"_1":{"pos":{"x":"-80","y":"230"},"item":"鹤 童"},
			"_2":{"pos":{"x":"190","y":"230"},"item":"灵 芝"},
			"_3":{"pos":{"x":"-345","y":"55"},"item":"雄黄酒"},
			"_4":{"pos":{"x":"-80","y":"55"},"item":"双 剑"},
			"_5":{"pos":{"x":"190","y":"55"},"item":"花 枪"},
			"_6":{"pos":{"x":"435","y":"55"},"item":"A"},
			"_7":{"pos":{"x":"-345","y":"-123"},"item":"K"},
			"_8":{"pos":{"x":"-80","y":"-123"},"item":"Q"},
			"_9":{"pos":{"x":"190","y":"-123"},"item":"J"},
			"_10":{"pos":{"x":"435","y":"-123"},"item":"10"}
		}
	},{
		"name":"_3_1",
		"content":{
			"_1":{"pos":{"x":"10","y":"205"},"item":"雷峰塔","size":"28","explain_size":"26",
				"explain":"面奖图示，出现在任意轮，只要出现\n即产生支付，无需连线。3个以上触发\nFREE GAMES。",
				"explain_pos":{"x":"185","y":"115"}},
			"_2":{"pos":{"x":"-10","y":"-50"},"item":"白蛇","size":"28","explain_size":"26",
				"explain":"百搭图示，出现在所有轮，替代\nSCATTER以外的任意图示。",
				"explain_pos":{"x":"-190","y":"-135"}}
		}
	},{
		"name":"_3_2",
		"content":{
			"_1":{"pos":{"x":"-80","y":"230"},"item":"青 蛇"},
			"_2":{"pos":{"x":"190","y":"230"},"item":"许仙和尚"},
			"_3":{"pos":{"x":"-345","y":"55"},"item":"法 海"},
			"_4":{"pos":{"x":"-80","y":"55"},"item":"金 钵"},
			"_5":{"pos":{"x":"190","y":"55"},"item":"木 鱼"},
			"_6":{"pos":{"x":"435","y":"55"},"item":"A"},
			"_7":{"pos":{"x":"-345","y":"-123"},"item":"K"},
			"_8":{"pos":{"x":"-80","y":"-123"},"item":"Q"},
			"_9":{"pos":{"x":"190","y":"-123"},"item":"J"},
			"_10":{"pos":{"x":"435","y":"-123"},"item":"10"}
		}
	}]
}