{
	"message": [{
		"name":"_1_1",
		"content":{
			"_1":{"pos":{"x":"20","y":"205"},"item":"Sky Seal","size":"28","explain_size":"26",
				"explain":"At least 3 Scatter symbols anywhere\non the reels asctive free spins.",
				"explain_pos":{"x":"185","y":"120"}},
			"_2":{"pos":{"x":"-70","y":"-55"},"item":"Yinyang Mirror","size":"28","explain_size":"26",
				"explain":"Wild substitutes any other symbol\nexcept Scatter and Bonus.",
				"explain_pos":{"x":"-190","y":"-135"}}
		}
	},{
		"name":"_1_2",
		"content":{
			"_1":{"pos":{"x":"50","y":"230"},"item":"King Zhou"},
			"_2":{"pos":{"x":"-345","y":"55"},"item":"Daji"},
			"_3":{"pos":{"x":"-80","y":"55"},"item":"Winebowl"},
			"_4":{"pos":{"x":"190","y":"55"},"item":"Grapes"},
			"_5":{"pos":{"x":"435","y":"55"},"item":"A"},
			"_6":{"pos":{"x":"-345","y":"-123"},"item":"K"},
			"_7":{"pos":{"x":"-80","y":"-123"},"item":"Q"},
			"_8":{"pos":{"x":"190","y":"-123"},"item":"J"},
			"_9":{"pos":{"x":"435","y":"-123"},"item":"10"}
		}
	},{
		"name":"_2_1",
		"content":{
			"_1":{"pos":{"x":"20","y":"205"},"item":"Sky Seal","size":"28","explain_size":"26",
				"explain":"At least 3 Scatter symbols anywhere on\nthe reels asctive free spins.Free games\nwins are multiplied by 3.",
				"explain_pos":{"x":"185","y":"120"}},
			"_2":{"pos":{"x":"-70","y":"-55"},"item":"Yinyang Mirror","size":"28","explain_size":"26",
				"explain":"Wild substitutes any other symbol\nexcept Scatter and Bonus.Doubles\nwhen substituting.",
				"explain_pos":{"x":"-190","y":"-140"}}
		}
	},{
		"name":"_2_2",
		"content":{
			"_1":{"pos":{"x":"-345","y":"230"},"item":"Nezha"},
			"_2":{"pos":{"x":"-80","y":"230"},"item":"Dragon"},
			"_3":{"pos":{"x":"190","y":"230"},"item":"Qiankun Circle"},
			"_4":{"pos":{"x":"445","y":"230"},"item":"Fire Roller"},
			"_5":{"pos":{"x":"-345","y":"55"},"item":"Fire Pike"},
			"_6":{"pos":{"x":"-80","y":"55"},"item":"Yinyang Sword"},
			"_7":{"pos":{"x":"190","y":"55"},"item":"Lotus"},
			"_8":{"pos":{"x":"445","y":"55"},"item":"A"},
			"_9":{"pos":{"x":"-345","y":"-123"},"item":"K"},
			"_10":{"pos":{"x":"-80","y":"-123"},"item":"Q"},
			"_11":{"pos":{"x":"190","y":"-123"},"item":"J"},
			"_12":{"pos":{"x":"445","y":"-123"},"item":"10"}
		}
	},{
		"name":"_3_1",
		"content":{
			"_1":{"pos":{"x":"30","y":"100"},"item":"Sky Seal","size":"28","explain_size":"26",
				"explain":"Scatter symbols pay in any position.\nScatter wins are added to line wins..",
				"explain_pos":{"x":"195","y":"10"}}
		}
	},{
		"name":"_3_2",
		"content":{
			"_1":{"pos":{"x":"-210","y":"155"},"item":"Jiang"},
			"_2":{"pos":{"x":"50","y":"155"},"item":"Fish"},
			"_3":{"pos":{"x":"310","y":"155"},"item":"Fish rod"},
			"_4":{"pos":{"x":"-340","y":"-20"},"item":"A"},
			"_5":{"pos":{"x":"-70","y":"-20"},"item":"K"},
			"_6":{"pos":{"x":"190","y":"-20"},"item":"Q"},
			"_7":{"pos":{"x":"442","y":"-20"},"item":"J"}
		}
	}]
}