{
	"message": [{
		"name":"_1_1",
		"content":{
			"_1":{"pos":{"x":"80","y":"255"},"item":"STRANGE TALES","size":"28","explain_size":"26",
				"explain":"The SCATTER symbol do not need to\nappear on the payline to trigger FREE\nGAMES.",
				"explain_pos":{"x":"180","y":"170"}},
			"_2":{"pos":{"x":"-20","y":"65"},"item":"QIAN","size":"28","explain_size":"26",
				"explain":"The WILD symbol can appear on any\nreel and it subsititutes all of the\nsymbols except SCATTER symbols.",
				"explain_pos":{"x":"-195","y":"-20"}},
			"_3":{"pos":{"x":"60","y":"-120"},"item":"The MYSTERY","size":"28","explain_size":"26",
				"explain":"The MYSTERY symbol can turn into\nany symbols except SCATTER or WILD\nsymbol.",
				"explain_pos":{"x":"185","y":"-200"}}
		}
	},{
		"name":"_1_2",
		"content":{
			"_1":{"pos":{"x":"50","y":"230"},"item":"NING-CAICHENG"},
			"_2":{"pos":{"x":"-345","y":"55"},"item":"YAKSHA"},
			"_3":{"pos":{"x":"-80","y":"55"},"item":"SWORD"},
			"_4":{"pos":{"x":"190","y":"55"},"item":"LEATHER BAG"},
			"_5":{"pos":{"x":"435","y":"55"},"item":"GHOST"},
			"_6":{"pos":{"x":"-345","y":"-123"},"item":"MONSTER"},
			"_7":{"pos":{"x":"-80","y":"-123"},"item":"FOX"},
			"_8":{"pos":{"x":"190","y":"-123"},"item":"DEMON"},
			"_9":{"pos":{"x":"435","y":"-123"},"item":"TAO"}
		}
	},{
		"name":"_2_1",
		"content":{
			"_1":{"pos":{"x":"80","y":"205"},"item":"STRANGE TALES","size":"28","explain_size":"26",
				"explain":"The SCATTER symbol do not need to\nappear on the payline to trigger FREE\nGAMES. Only appear on reels 2,3and4.",
				"explain_pos":{"x":"185","y":"115"}},
			"_2":{"pos":{"x":"-45","y":"-60"},"item":"Miss-SKIN","size":"28","explain_size":"22",
				"explain":"The WILD symbol can appear on reels 3 only\nand it subsititutes all of the symbols except\nSCATTER symbols. Every WILD symbol cover\nall reels 3, and payline win x2 in FREE GAMES.",
				"explain_pos":{"x":"-185","y":"-140"}}
		}
	},{
		"name":"_2_2",
		"content":{
			"_1":{"pos":{"x":"-220","y":"135"},"item":"TAOIST"},
			"_2":{"pos":{"x":"50","y":"135"},"item":"MR.WANG"},
			"_3":{"pos":{"x":"310","y":"135"},"item":"GOURD"},
			"_4":{"pos":{"x":"-340","y":"-40"},"item":"RUNES"},
			"_5":{"pos":{"x":"-70","y":"-40"},"item":"WOOD SWORD"},
			"_6":{"pos":{"x":"190","y":"-40"},"item":"HOSSU"},
			"_7":{"pos":{"x":"442","y":"-40"},"item":"GHOST"}
		}
	},{
		"name":"_3_1",
		"content":{
			"_1":{"pos":{"x":"80","y":"205"},"item":"STRANGE TALES","size":"28","explain_size":"26",
				"explain":"The SCATTER symbol do not need to\nappear on the payline to trigger FREE\nGAMES.",
				"explain_pos":{"x":"182","y":"115"}},
			"_2":{"pos":{"x":"-55","y":"-60"},"item":"YING NING","size":"28","explain_size":"24",
				"explain":"The WILD symbol can appear on any reel\nand it subsititutes all of the symbols except\nSCATTER symbols. Every WILD symbol\nappear on the payline win x2.",
				"explain_pos":{"x":"-190","y":"-140"}}
		}
	},{
		"name":"_3_2",
		"content":{
			"_1":{"pos":{"x":"-220","y":"135"},"item":"WANG-ZIFU"},
			"_2":{"pos":{"x":"50","y":"135"},"item":"FOX"},
			"_3":{"pos":{"x":"310","y":"135"},"item":"CIRCULAR FAN"},
			"_4":{"pos":{"x":"-340","y":"-40"},"item":"FOLDING FAN"},
			"_5":{"pos":{"x":"-70","y":"-40"},"item":"FLOWERS"},
			"_6":{"pos":{"x":"190","y":"-40"},"item":"FLOWERS"},
			"_7":{"pos":{"x":"442","y":"-40"},"item":"FLOWERS"}
		}
	}]
}