{
	"message": [{
		"name":"_1_1",
		"content":{
			"_1":{"pos":{"x":"0","y":"205"},"item":"金 鳳","size":"28","explain_size":"26",
				"explain":"面獎圖示，僅出現在1、3、5列，只要\n出現即產生支付，無需連線。3個以上\n觸發8個FREE GAMES。",
				"explain_pos":{"x":"185","y":"115"}},
			"_2":{"pos":{"x":"-50","y":"-55"},"item":"魏佳氏繡娘","size":"28","explain_size":"26",
				"explain":"百搭圖示，出現在2、3、4和5列，可\n替代SCATTER以外的任意圖示。",
				"explain_pos":{"x":"-190","y":"-140"}}
		}
	},{
		"name":"_1_2",
		"content":{
			"_1":{"pos":{"x":"-340","y":"160"},"item":"張嬤嬤"},
			"_2":{"pos":{"x":"-70","y":"160"},"item":"玲 瓏"},
			"_3":{"pos":{"x":"190","y":"160"},"item":"長命鎖"},
			"_4":{"pos":{"x":"442","y":"160"},"item":"扇 面"},
			"_5":{"pos":{"x":"-340","y":"-15"},"item":"香 囊"},
			"_6":{"pos":{"x":"-70","y":"-15"},"item":"絡 子"},
			"_7":{"pos":{"x":"190","y":"-15"},"item":"A"},
			"_8":{"pos":{"x":"442","y":"-15"},"item":"K"}
		}
	},{
		"name":"_2_1",
		"content":{
			"_1":{"pos":{"x":"0","y":"205"},"item":"金 鳳","size":"28","explain_size":"26",
				"explain":"面獎圖示，出現在所有輪，只要出現\n即產生支付，無需連線。3個以上觸\n發FREE GAMES。",
				"explain_pos":{"x":"185","y":"115"}},
			"_2":{"pos":{"x":"-50","y":"-55"},"item":"魏佳氏宮女","size":"28","explain_size":"26",
				"explain":"百搭圖示，出現在2、3、4列，替代\nSCATTER以外的任意圖示。GAMES\n期間，所有倍數x1、x2或x3。",
				"explain_pos":{"x":"-190","y":"-140"}}
		}
	},{
		"name":"_2_2",
		"content":{
			"_1":{"pos":{"x":"-80","y":"230"},"item":"容音皇后"},
			"_2":{"pos":{"x":"190","y":"230"},"item":"高貴妃"},
			"_3":{"pos":{"x":"-345","y":"55"},"item":"清宮十八子"},
			"_4":{"pos":{"x":"-80","y":"55"},"item":"茶 碗"},
			"_5":{"pos":{"x":"190","y":"55"},"item":"發 釵"},
			"_6":{"pos":{"x":"435","y":"55"},"item":"A"},
			"_7":{"pos":{"x":"-345","y":"-123"},"item":"K"},
			"_8":{"pos":{"x":"-80","y":"-123"},"item":"Q"},
			"_9":{"pos":{"x":"190","y":"-123"},"item":"J"},
			"_10":{"pos":{"x":"435","y":"-123"},"item":"10"}
		}
	},{
		"name":"_3_1",
		"content":{
			"_1":{"pos":{"x":"0","y":"205"},"item":"金 鳳","size":"28","explain_size":"26",
				"explain":"面獎圖示，出現在1、3、5輪，只要出\n現即產生支付，無需連線。3個以上觸\n發FREE GAMES。",
				"explain_pos":{"x":"185","y":"115"}},
			"_2":{"pos":{"x":"-20","y":"-55"},"item":"魏佳氏","size":"28","explain_size":"26",
				"explain":"百搭圖示，出現在所有輪，替代\nSCATTER以外的任意圖示。免費遊戲\n中隨機選定一部分圖示變為WILD；且\n贏分x3。",
				"explain_pos":{"x":"-190","y":"-140"}}
		}
	},{
		"name":"_3_2",
		"content":{
			"_1":{"pos":{"x":"-80","y":"230"},"item":"富察傅恒"},
			"_2":{"pos":{"x":"190","y":"230"},"item":"玲 瓏"},
			"_3":{"pos":{"x":"-345","y":"55"},"item":"絡 子"},
			"_4":{"pos":{"x":"-80","y":"55"},"item":"玉 佩"},
			"_5":{"pos":{"x":"190","y":"55"},"item":"馬 桶"},
			"_6":{"pos":{"x":"435","y":"55"},"item":"A"},
			"_7":{"pos":{"x":"-345","y":"-123"},"item":"K"},
			"_8":{"pos":{"x":"-80","y":"-123"},"item":"Q"},
			"_9":{"pos":{"x":"190","y":"-123"},"item":"J"},
			"_10":{"pos":{"x":"435","y":"-123"},"item":"10"}
		}
	}]
}