{"imagePath":"wuzetian_tex.png","width":256,"height":512,"name":"wuzetian","SubTexture":[{"width":171,"y":1,"height":160,"name":"底","x":1},{"width":135,"y":322,"height":89,"name":"衣领2","x":1},{"width":69,"y":418,"height":52,"name":"脖子","x":112},{"width":109,"y":413,"height":42,"name":"头发2","x":1},{"width":84,"y":322,"height":94,"name":"头","x":138},{"width":29,"y":457,"height":13,"name":"嘴巴","x":34},{"width":166,"y":163,"height":157,"name":"头发","x":1},{"width":22,"y":457,"height":17,"name":"右眼","x":65},{"width":31,"y":457,"height":16,"name":"左眼","x":1}]}