{
	"DATA": [{
		"have_scatter": [ 0, 0, 1, 1, 1 ],
		"floor_type"  : [ 3, 6, 9, 2, 5, 3, 2, 10, 11, 12, 13, 14 ],
		"dragon_bones": [ "longzhu", "huanglong", "xiongmao" ],
		"sound_type"  : [ "longzhu", "huanglong", "xiongmao", "goods",  "goods",  "goods",   "goods", "words", "words", "words", "words", "words" ],
		"cards"       : [ "longzhu", "huanglong", "xiongmao", "jinshe", "bianfu", "lianhua", "bagua", "jin",   "mu",    "shui",  "huo",   "tu" ],
		"uiconfig"    : { "rn":15, "ln":50, "column":5, "row":3, "s_p_x":315, "s_p_y":248, "r_d_x":176, "r_d_y":159 }
	},{
		"have_scatter": [ 0, 0, 1, 1, 1 ],
		"floor_type"  : [ 3, 8, 15, 15, 15, 15, 15, 1, 2, 3, 2, 2, 10, 11, 12, 13, 14 ],
		"dragon_bones": [ "longzhu", "bailong", "kongque", "jinji" ],
		"sound_type"  : [ "longzhu", "bailong", "",     "",      "",      "",      "",       "kongque", "goods",    "goods", "goods", "goods", "words", "words", "words", "words", "words" ],
		"cards"       : [ "longzhu", "bailong", "bet1", "bet10", "bet25", "bet50", "bet100", "kongque", "shuangyu", "jinji", "hulu",  "bagua", "jin",   "mu",    "shui",  "huo",   "tu" ],
		"uiconfig"    : { "rn":15, "ln":50, "column":5, "row":3, "s_p_x":315, "s_p_y":248, "r_d_x":176, "r_d_y":159 }
	},{
		"have_scatter": [ 0, 0, 0, 1, 1 ],
		"floor_type"  : [ 3, 8, 8, 8, 3, 5, 2, 2, 10, 11, 12, 13, 14 ],
		"dragon_bones": [ "longzhu", "qinglong", "xianhe", "yuanyang" ],
		"sound_type"  : [ "longzhu", "qinglong", "qinglong", "qinglong", "xianhe", "goods",   "goods",    "goods", "words", "words", "words", "words", "words" ],
		"cards"       : [ "longzhu", "qinglong", "qinglong", "qinglong", "xianhe", "shengui", "yuanyang", "bagua", "jin",   "mu",    "shui",  "huo",   "tu" ],
		"uiconfig"    : { "rn":15, "ln":25, "column":5, "row":3, "s_p_x":315, "s_p_y":248, "r_d_x":176, "r_d_y":159 }
	},{
		"have_scatter": [ 0, 0, 0, 0, 1 ],
		"floor_type"  : [ 3, 5, 4, 1, 2, 2, 2, 3, 10, 11, 12, 13, 14 ],
		"dragon_bones": [ "longzhu", "honglong", "fenghuang" ],
		"sound_type"  : [ "longzhu", "honglong", "fenghuang", "goods", "goods", "goods",   "goods", "goods", "words", "words", "words", "words", "words" ],
		"cards"       : [ "longzhu", "honglong", "fenghuang", "pixiu", "jinhu", "sanyang", "ding",  "zhong", "jin",   "mu",    "shui",  "huo",   "tu" ],
		"uiconfig"    : { "rn":15, "ln":50, "column":5, "row":3, "s_p_x":315, "s_p_y":248, "r_d_x":176, "r_d_y":159 }
	},{
		"have_scatter": [ 0, 0, 0, 1, 1 ],
		"floor_type"  : [ 3, 7, 9, 3, 1, 3, 2, 10, 11, 12, 13, 14 ],
		"dragon_bones": [ "longzhu", "heilong", "daxiang", "tuzi" ],
		"sound_type"  : [ "longzhu", "huanglong", "daxiang", "goods", "goods", "goods", "goods", "words", "words", "words", "words", "words" ],
		"cards"       : [ "longzhu", "heilong",   "daxiang", "ma",    "tuzi",  "fotou", "bagua", "jin",   "mu",    "shui",  "huo",   "tu" ],
		"uiconfig"    : { "rn":20, "ln":40, "column":5, "row":4, "s_p_x":317, "s_p_y":190, "r_d_x":175, "r_d_y":130 }
	}]
}