{
	"FAQ": [{
		"title": "1Q: What is the currency in the game?",
		"content": "The virtual currency in the game is divided into gems and coins. Coins are used for playing of the game, and diamonds are used to purchase coins and other items in the game. All currencies in the game are virtual currency, which is only for the player's entertainment, and the rigorous player transaction transfer. If a similar situation occurs, the game account involved will be suspended."
	},{
		"title": "2Q: What should I do if game show disconnect during the game?",
		"content": "Please check your network connection or change your network. If it still doesn't work, please feedback to customer service. Please also provide your network environment (WiFi or mobile networks, Internet service providers)"
	},{
		"title": "3Q: Unable to update game/download resource error",
		"content": "Please check your network connection or change your network. If it still doesn't work, please feedback to customer service."
	},{
		"title": "4Q: Can't log in to the game",
		"content": "Please check your network connection or change your network. If it still doesn't work, please feedback to customer service.\n If there is an error code for the login page, please provide your UID along with the error code to the customer service."
	},{
		"title": "5 Q: How to block spam chat information",
		"content": "Type the player's avatar and report."
	},{
		"title": "6Q: What should I do if I did not receive the game gems after i finished the in-app purchase?",
		"content": "Under normal circumstances, if there is network delay or other reasons, the virtual currency is not accounted for, our system will automatically detect and reissue; if there is no replacement, please bring your proof of payment (paid screenshot) together with your game UID , provide us with customer service, we will reissue in time."
	}]
}