{
	"FAQ": [{
		"title": "1問：遊戲中的貨幣是怎麼回事",
		"content": "遊戲中虛擬貨幣分為鑽石和金幣，金幣用於遊戲中內容的使用，鑽石用於購買金幣和遊戲中的其他道具。遊戲內所有貨幣均為虛擬貨幣，僅供玩家個人娛樂，嚴謹玩家交易轉讓。如有類似情況發生，涉及遊戲賬號將被封停。"
	},{
		"title": "2問：遊戲過程中斷開連接",
		"content": "請檢測您的網絡環境，換個好點的網。如果還是不行，就還是找客服MM反饋問題吧。同樣請提供您的網絡環境（WiFi或者移動網絡，網絡提供商）"
	},{
		"title": "3問：無法更新遊戲/下載資源出錯",
		"content": "檢查您的網絡連接，可以嘗試重裝遊戲或者聯繫客服。"
	},{
		"title": "4問：無法登錄遊戲",
		"content": "請檢查您的網絡鏈接，并嘗試更換網絡環境，如果您的網絡正常仍無法登錄遊戲，請及時聯繫客服反饋問題。\n如有登錄提示的錯誤代碼，請將您的UID連同錯誤代碼提供給客服MM。"
	},{
		"title": "5問：如何避免某個玩傢在聊天界面發出的垃圾信息",
		"content": "點擊該玩家頭像，點擊【檢舉】按鈕即可。"
	},{
		"title": "6問：充值不到賬怎麼辦",
		"content": "正常情況下，如果有網絡延遲或者其他原因導致的虛擬貨幣无法收到，我們系統會自動檢測並補發；如果沒有補發，請您帶好你的付費證明（付費截圖）連同您的遊戲UID，提供給我們客服处理。"
	}]
}