{
	"message": [{
		"name":"_1_1",
		"content":{
			"_1":{"pos":{"x":"10","y":"205"},"item":"雷峰塔","size":"28","explain_size":"26",
				"explain":"面獎圖示，僅出現在1、3、5列，只要\n出現即產生支付，無需連線。3個以上\n觸發FREE GAMES。",
				"explain_pos":{"x":"185","y":"115"}},
			"_2":{"pos":{"x":"-10","y":"-50"},"item":"白蛇","size":"28","explain_size":"26",
				"explain":"百搭圖示，出現在任意列，可替代\nSCATTER以外的任意圖示。",
				"explain_pos":{"x":"-190","y":"-135"}}
		}
	},{
		"name":"_1_2",
		"content":{
			"_1":{"pos":{"x":"-80","y":"230"},"item":"許 仙"},
			"_2":{"pos":{"x":"190","y":"230"},"item":"青 蛇"},
			"_3":{"pos":{"x":"-345","y":"55"},"item":"紙 傘"},
			"_4":{"pos":{"x":"-80","y":"55"},"item":"金 釵"},
			"_5":{"pos":{"x":"190","y":"55"},"item":"團 扇"},
			"_6":{"pos":{"x":"435","y":"55"},"item":"A"},
			"_7":{"pos":{"x":"-345","y":"-123"},"item":"K"},
			"_8":{"pos":{"x":"-80","y":"-123"},"item":"Q"},
			"_9":{"pos":{"x":"190","y":"-123"},"item":"J"},
			"_10":{"pos":{"x":"435","y":"-123"},"item":"10"}
		}
	},{
		"name":"_2_1",
		"content":{
			"_1":{"pos":{"x":"0","y":"255"},"item":"雷峰塔","size":"28","explain_size":"26",
				"explain":"面獎圖示，出現在任意列，只要出現\n即產生支付，無需連線。3個以上觸發\nFREE GAMES.",
				"explain_pos":{"x":"180","y":"175"}},
			"_2":{"pos":{"x":"-10","y":"65"},"item":"白蛇","size":"28","explain_size":"26",
				"explain":"百搭圖示，出現在任意列，可替代\nSCATTER以外的任意圖示。",
				"explain_pos":{"x":"-200","y":"-15"}},
			"_3":{"pos":{"x":"20","y":"-120"},"item":"神秘圖示","size":"28","explain_size":"26",
				"explain":"神秘圖示，只出現在第3列，出現時\n可將其他圖示變為WILD。",
				"explain_pos":{"x":"185","y":"-200"}}
		}
	},{
		"name":"_2_2",
		"content":{
			"_1":{"pos":{"x":"-80","y":"230"},"item":"鶴 童"},
			"_2":{"pos":{"x":"190","y":"230"},"item":"靈 芝"},
			"_3":{"pos":{"x":"-345","y":"55"},"item":"雄黃酒"},
			"_4":{"pos":{"x":"-80","y":"55"},"item":"雙 劍"},
			"_5":{"pos":{"x":"190","y":"55"},"item":"花 槍"},
			"_6":{"pos":{"x":"435","y":"55"},"item":"A"},
			"_7":{"pos":{"x":"-345","y":"-123"},"item":"K"},
			"_8":{"pos":{"x":"-80","y":"-123"},"item":"Q"},
			"_9":{"pos":{"x":"190","y":"-123"},"item":"J"},
			"_10":{"pos":{"x":"435","y":"-123"},"item":"10"}
		}
	},{
		"name":"_3_1",
		"content":{
			"_1":{"pos":{"x":"10","y":"205"},"item":"雷峰塔","size":"28","explain_size":"26",
				"explain":"面獎圖示，出現在任意輪，只要出現\n即產生支付，無需連線。3個以上觸發\nFREE GAMES。",
				"explain_pos":{"x":"185","y":"115"}},
			"_2":{"pos":{"x":"-10","y":"-50"},"item":"白蛇","size":"28","explain_size":"26",
				"explain":"百搭圖示，出現在所有輪，替代\nSCATTER以外的任意圖示。",
				"explain_pos":{"x":"-190","y":"-135"}}
		}
	},{
		"name":"_3_2",
		"content":{
			"_1":{"pos":{"x":"-80","y":"230"},"item":"青 蛇"},
			"_2":{"pos":{"x":"190","y":"230"},"item":"許仙和尚"},
			"_3":{"pos":{"x":"-345","y":"55"},"item":"法 海"},
			"_4":{"pos":{"x":"-80","y":"55"},"item":"金 缽"},
			"_5":{"pos":{"x":"190","y":"55"},"item":"木 魚"},
			"_6":{"pos":{"x":"435","y":"55"},"item":"A"},
			"_7":{"pos":{"x":"-345","y":"-123"},"item":"K"},
			"_8":{"pos":{"x":"-80","y":"-123"},"item":"Q"},
			"_9":{"pos":{"x":"190","y":"-123"},"item":"J"},
			"_10":{"pos":{"x":"435","y":"-123"},"item":"10"}
		}
	}]
}