{
	"message": [{
		"name":"_1_1",
		"content":{
			"_1":{"pos":{"x":"70","y":"190"},"item":"TREASURE BOWL","size":"28","explain_size":"26",
				"explain":"The WILD symbol can appear on any\nreel and it subsititutes all of the\nsymbols except SCATTER symbols.",
				"explain_pos":{"x":"185","y":"110"}},
			"_2":{"pos":{"x":"-50","y":"-64"},"item":"COINS TREE","size":"28","explain_size":"26",
				"explain":"The SCATTER symbol do not need \nto appear on the payline to trigger \nFREE GAMES.",
				"explain_pos":{"x":"-190","y":"-145"}}
		}
	},{
		"name":"_1_2",
		"content":{
			"_1":{"pos":{"x":"-80","y":"230"},"item":"EASTERN WEALTH GOD"},
			"_2":{"pos":{"x":"190","y":"230"},"item":"GOLDEN BOAT"},
			"_3":{"pos":{"x":"-345","y":"55"},"item":"KOI"},
			"_4":{"pos":{"x":"-80","y":"55"},"item":"GOLDEN FROG"},
			"_5":{"pos":{"x":"190","y":"55"},"item":"COPPER COINS"},
			"_6":{"pos":{"x":"435","y":"55"},"item":"A"},
			"_7":{"pos":{"x":"-345","y":"-123"},"item":"K"},
			"_8":{"pos":{"x":"-80","y":"-123"},"item":"J"},
			"_9":{"pos":{"x":"190","y":"-123"},"item":"Q"},
			"_10":{"pos":{"x":"435","y":"-123"},"item":"10"}
		}
	},{
		"name":"_2_1",
		"content":{
			"_1":{"pos":{"x":"50","y":"90"},"item":"COINS TREE","size":"28","explain_size":"26",
				"explain":"The SCATTER symbol do not need to\nappear on the payline to trigger FREE\nGAMES. Only appear on reels 2,3and4.",
				"explain_pos":{"x":"195","y":"0"}}
		}
	},{
		"name":"_2_2",
		"content":{
			"_1":{"pos":{"x":"-340","y":"135"},"item":"WESTERN WEALTH GOD"},
			"_2":{"pos":{"x":"-80","y":"135"},"item":"RED HORSE"},
			"_3":{"pos":{"x":"190","y":"135"},"item":"RUYI"},
			"_4":{"pos":{"x":"442","y":"135"},"item":"LUCKY FORTUNE"},
			"_5":{"pos":{"x":"-340","y":"-40"},"item":"A"},
			"_6":{"pos":{"x":"-80","y":"-40"},"item":"K"},
			"_7":{"pos":{"x":"190","y":"-40"},"item":"Q"},
			"_8":{"pos":{"x":"442","y":"-40"},"item":"J"}
		}
	},{
		"name":"_3_1",
		"content":{
			"_1":{"pos":{"x":"80","y":"90"},"item":"TREASURE BOWL","size":"28","explain_size":"24",
				"explain":"The WILD symbol can appear on any reel\nand it subsititutes all of the symbols except\nSCATTER symbols. Every WILD symbol\nappear on the paylines, winnings x2。",
				"explain_pos":{"x":"185","y":"0"}}
		}
	},{
		"name":"_3_2",
		"content":{
			"_1":{"pos":{"x":"-80","y":"135"},"item":"SOUTERN WEALTH GOD"},
			"_2":{"pos":{"x":"190","y":"135"},"item":"GOLDEN TURTLE"},
			"_3":{"pos":{"x":"-340","y":"-40"},"item":"GOLD INGOT"},
			"_4":{"pos":{"x":"-80","y":"-40"},"item":"RED ENVELOPE"},
			"_5":{"pos":{"x":"190","y":"-40"},"item":"A"},
			"_6":{"pos":{"x":"442","y":"-40"},"item":"K"}
		}
	},{
		"name":"_4_1",
		"content":{
			"_1":{"pos":{"x":"70","y":"252"},"item":"TREASURE BOWL","size":"28","explain_size":"26",
				"explain":"The WILD symbol can appear on any\nreel and it subsititutes all of the symbols\nexcept SCATTER symbols.",
				"explain_pos":{"x":"185","y":"170"}},
			"_2":{"pos":{"x":"-60","y":"64"},"item":"COINS TREE","size":"28","explain_size":"26",
				"explain":"The SCATTER symbol do not need to\nappear on the payline to trigger\nFREE GAMES.",
				"explain_pos":{"x":"-195","y":"-15"}},
			"_3":{"pos":{"x":"20","y":"-120"},"item":"MYSTERY","size":"28","explain_size":"26",
				"explain":"The MYSTERY symbol can turn into\nany symbols except SCATTER or WILD\nsymbol.",
				"explain_pos":{"x":"185","y":"-200"}}
		}
	},{
		"name":"_4_2",
		"content":{
			"_1":{"pos":{"x":"-340","y":"135"},"item":"NORTHERN WEALTH GOD"},
			"_2":{"pos":{"x":"-80","y":"135"},"item":"BLACK TIGER"},
			"_3":{"pos":{"x":"190","y":"135"},"item":"FU"},
			"_4":{"pos":{"x":"442","y":"135"},"item":"LU"},
			"_5":{"pos":{"x":"-340","y":"-40"},"item":"SHOU"},
			"_6":{"pos":{"x":"-80","y":"-40"},"item":"A"},
			"_7":{"pos":{"x":"190","y":"-40"},"item":"K"},
			"_8":{"pos":{"x":"442","y":"-40"},"item":"Q"}
		}
	},{
		"name":"_5_1",
		"content":{
			"_1":{"pos":{"x":"60","y":"190"},"item":"TREASURE BOWL","size":"28","explain_size":"26",
				"explain":"The WILD symbol only appear on reels 3\nduring the FREE GAMES. Winning x2.",
				"explain_pos":{"x":"180","y":"110"}},
			"_2":{"pos":{"x":"-80","y":"-62"},"item":"COINS TREE","size":"28","explain_size":"22",
				"explain":"The SCATTER symbol do not need to appear\non the payline to trigger FREE GAMES. t\nWinning times randomnumber when t Wild\nappear on the payline",
				"explain_pos":{"x":"-208","y":"-142"}}
		}
	},{
		"name":"_5_2",
		"content":{
			"_1":{"pos":{"x":"50","y":"230"},"item":"CENTRAL WEALTH GOD"},
			"_2":{"pos":{"x":"-345","y":"55"},"item":"GOLDEN LION"},
			"_3":{"pos":{"x":"-80","y":"55"},"item":"GOLDEN DRAGON"},
			"_4":{"pos":{"x":"190","y":"55"},"item":"PURE BOY"},
			"_5":{"pos":{"x":"435","y":"55"},"item":"RED LENTERN"},
			"_6":{"pos":{"x":"-345","y":"-123"},"item":"A"},
			"_7":{"pos":{"x":"-80","y":"-123"},"item":"K"},
			"_8":{"pos":{"x":"190","y":"-123"},"item":"Q"},
			"_9":{"pos":{"x":"435","y":"-123"},"item":"J"}
		}
	},{
		"name":"_6_1",
		"content":{
			"_1":{"pos":{"x":"390","y":"108"},"item":"GODS OF WEALTH","size":"28","explain_size":"26",
				"explain":"The WILD symbol can appear on any reel.\nFive Wealth Gods can be pay as one same symbol",
				"explain_pos":{"x":"110","y":"30"}},
			"_2":{"pos":{"x":"-60","y":"-108"},"item":"COINS TREE","size":"28","explain_size":"26",
				"explain":"The SCATTER symbol do not need to\nappear on the payline to trigger FREE\nGAME. Only appear on reels 2,3and4.",
				"explain_pos":{"x":"-200","y":"-190"}}
		}
	},{
		"name":"_6_2",
		"content":{
			"_1":{"pos":{"x":"-80","y":"230"},"item":"KOI"},
			"_2":{"pos":{"x":"190","y":"230"},"item":"GOLDEN FROG"},
			"_3":{"pos":{"x":"-345","y":"55"},"item":"GOLDEN TURTLE"},
			"_4":{"pos":{"x":"-80","y":"55"},"item":"GOLD INGOT"},
			"_5":{"pos":{"x":"190","y":"55"},"item":"COPPER COINS"},
			"_6":{"pos":{"x":"435","y":"55"},"item":"RED ENVELOPE"},
			"_7":{"pos":{"x":"-345","y":"-123"},"item":"RED LENTERN"},
			"_8":{"pos":{"x":"-80","y":"-123"},"item":"A"},
			"_9":{"pos":{"x":"190","y":"-123"},"item":"K"},
			"_10":{"pos":{"x":"435","y":"-123"},"item":"Q"}
		}
	},{
		"name":"_6_3",
		"content":{
			"_1":{"explain_size":"26","explain_pos":{"x":"0","y":"-230"},
				"explain":"Every wealth god have different FREE GAMES, you can choose anyone you like. \nt Winning times random number when t Wild appear on the payline."}
		}
	}]
}