{
	"message": [{
		"name":"_1_1",
		"content":{
			"_1":{"pos":{"x":"0","y":"255"},"item":"聊 斋","size":"28","explain_size":"26",
				"explain":"面奖图示，出现在任意位置，只要出现\n即产生支付，无需连线。达到对应的数\n量即可触发FREE GAMES。","explain_pos":{"x":"185","y":"170"}},
			"_2":{"pos":{"x":"-10","y":"65"},"item":"聂小倩","size":"28","explain_size":"26",
				"explain":"百搭图示，出现在任意位置，替代\nSCATTER以外的任意图示。","explain_pos":{"x":"-195","y":"-10"}},
			"_3":{"pos":{"x":"10","y":"-120"},"item":"神秘图标","size":"28","explain_size":"26",
				"explain":"神秘图标会变为WILD、SCATTER以外\n任意普通图标。","explain_pos":{"x":"185","y":"-200"}}
		}
	},{
		"name":"_1_2",
		"content":{
			"_1":{"pos":{"x":"50","y":"230"},"item":"宁采臣"},
			"_2":{"pos":{"x":"-345","y":"55"},"item":"夜 叉"},
			"_3":{"pos":{"x":"-80","y":"55"},"item":"飞 剑"},
			"_4":{"pos":{"x":"190","y":"55"},"item":"皮 囊"},
			"_5":{"pos":{"x":"435","y":"55"},"item":"鬼"},
			"_6":{"pos":{"x":"-345","y":"-123"},"item":"怪"},
			"_7":{"pos":{"x":"-80","y":"-123"},"item":"狐"},
			"_8":{"pos":{"x":"190","y":"-123"},"item":"妖"},
			"_9":{"pos":{"x":"435","y":"-123"},"item":"道"}
		}
	},{
		"name":"_2_1",
		"content":{
			"_1":{"pos":{"x":"0","y":"205"},"item":"聊 斋","size":"28","explain_size":"26",
				"explain":"面奖图示，只出现在1、2、4列，只要\n出现即产生支付，无需连线。达到对\n应的数量即可触发FREE GAMES。",
				"explain_pos":{"x":"185","y":"115"}},
			"_2":{"pos":{"x":"-25","y":"-60"},"item":"画 皮","size":"28","explain_size":"26",
				"explain":"百搭图示，只出现在第3列，出现时会\n拓展整列为WILD。FREE GAME中奖连\n线中出现任一个WILD，则该线奖励x2。",
				"explain_pos":{"x":"-180","y":"-145"}}
		}
	},{
		"name":"_2_2",
		"content":{
			"_1":{"pos":{"x":"-220","y":"135"},"item":"道 长"},
			"_2":{"pos":{"x":"50","y":"135"},"item":"王 生"},
			"_3":{"pos":{"x":"310","y":"135"},"item":"葫 芦"},
			"_4":{"pos":{"x":"-340","y":"-40"},"item":"神 符"},
			"_5":{"pos":{"x":"-70","y":"-40"},"item":"桃木剑"},
			"_6":{"pos":{"x":"190","y":"-40"},"item":"拂尘"},
			"_7":{"pos":{"x":"442","y":"-40"},"item":"鬼"}
		}
	},{
		"name":"_3_1",
		"content":{
			"_1":{"pos":{"x":"0","y":"205"},"item":"聊 斋","size":"28","explain_size":"26",
				"explain":"面奖图示，出现在任意位置，只要出\n现即产生支付，无需连线。达到对\n应的数量即可触发FREE GAMES。",
				"explain_pos":{"x":"185","y":"115"}},
			"_2":{"pos":{"x":"-25","y":"-60"},"item":"婴 宁","size":"28","explain_size":"26",
				"explain":"百搭图示，替代SCATTER以外的任意\n图示。中奖连线中每出现一个WILD，\n该线奖励x4。",
				"explain_pos":{"x":"-190","y":"-145"}}
		}
	},{
		"name":"_3_2",
		"content":{
			"_1":{"pos":{"x":"-220","y":"135"},"item":"王子服"},
			"_2":{"pos":{"x":"50","y":"135"},"item":"狐 狸"},
			"_3":{"pos":{"x":"310","y":"135"},"item":"团 扇"},
			"_4":{"pos":{"x":"-340","y":"-40"},"item":"折 扇"},
			"_5":{"pos":{"x":"-70","y":"-40"},"item":"三 花"},
			"_6":{"pos":{"x":"190","y":"-40"},"item":"双 花"},
			"_7":{"pos":{"x":"442","y":"-40"},"item":"桃 花"}
		}
	}]
}