{
	"message": [{
		"name":"_1_1",
		"content":{
			"_1":{"pos":{"x":"0","y":"205"},"item":"金 凤","size":"28","explain_size":"26",
				"explain":"面奖图示，仅出现在1、3、5列，只要\n出现即产生支付，无需连线。3个以上\n触发8个FREE GAMES。",
				"explain_pos":{"x":"185","y":"115"}},
			"_2":{"pos":{"x":"-50","y":"-55"},"item":"魏佳氏绣娘","size":"28","explain_size":"26",
				"explain":"百搭图示，出现在2、3、4和5列，可\n替代SCATTER以外的任意图示。",
				"explain_pos":{"x":"-190","y":"-140"}}
		}
	},{
		"name":"_1_2",
		"content":{
			"_1":{"pos":{"x":"-340","y":"160"},"item":"张嬷嬷"},
			"_2":{"pos":{"x":"-70","y":"160"},"item":"玲 珑"},
			"_3":{"pos":{"x":"190","y":"160"},"item":"长命锁"},
			"_4":{"pos":{"x":"442","y":"160"},"item":"扇 面"},
			"_5":{"pos":{"x":"-340","y":"-15"},"item":"香 囊"},
			"_6":{"pos":{"x":"-70","y":"-15"},"item":"络 子"},
			"_7":{"pos":{"x":"190","y":"-15"},"item":"K"},
			"_8":{"pos":{"x":"442","y":"-15"},"item":"A"}
		}
	},{
		"name":"_2_1",
		"content":{
			"_1":{"pos":{"x":"0","y":"205"},"item":"金 凤","size":"28","explain_size":"26",
				"explain":"面奖图示，出现在所有轮，只要出现\n即产生支付，无需连线。3个以上触\n发FREE GAMES。",
				"explain_pos":{"x":"185","y":"115"}},
			"_2":{"pos":{"x":"-50","y":"-55"},"item":"魏佳氏宫女","size":"28","explain_size":"26",
				"explain":"百搭图示，出现在2、3、4列，替代\nSCATTER以外的任意图示。GAMES\n期间，所有倍数x1、x2或x3。",
				"explain_pos":{"x":"-190","y":"-140"}}
		}
	},{
		"name":"_2_2",
		"content":{
			"_1":{"pos":{"x":"-80","y":"230"},"item":"容音皇后"},
			"_2":{"pos":{"x":"190","y":"230"},"item":"高贵妃"},
			"_3":{"pos":{"x":"-345","y":"55"},"item":"清宫十八子"},
			"_4":{"pos":{"x":"-80","y":"55"},"item":"茶 碗"},
			"_5":{"pos":{"x":"190","y":"55"},"item":"发 钗"},
			"_6":{"pos":{"x":"435","y":"55"},"item":"A"},
			"_7":{"pos":{"x":"-345","y":"-123"},"item":"K"},
			"_8":{"pos":{"x":"-80","y":"-123"},"item":"Q"},
			"_9":{"pos":{"x":"190","y":"-123"},"item":"J"},
			"_10":{"pos":{"x":"435","y":"-123"},"item":"10"}
		}
	},{
		"name":"_3_1",
		"content":{
			"_1":{"pos":{"x":"0","y":"205"},"item":"金 凤","size":"28","explain_size":"26",
				"explain":"面奖图示，出现在1、3、5轮，只要出\n现即产生支付，无需连线。3个以上触\n发FREE GAMES。",
				"explain_pos":{"x":"185","y":"115"}},
			"_2":{"pos":{"x":"-20","y":"-55"},"item":"魏佳氏","size":"28","explain_size":"26",
				"explain":"百搭图示，出现在所有轮，替代\nSCATTER以外的任意图示。免费游戏\n中随机选定一部分图示变为WILD；且\n赢分x3。",
				"explain_pos":{"x":"-190","y":"-140"}}
		}
	},{
		"name":"_3_2",
		"content":{
			"_1":{"pos":{"x":"-80","y":"230"},"item":"富察傅恒"},
			"_2":{"pos":{"x":"190","y":"230"},"item":"玲 珑"},
			"_3":{"pos":{"x":"-345","y":"55"},"item":"络 子"},
			"_4":{"pos":{"x":"-80","y":"55"},"item":"玉 佩"},
			"_5":{"pos":{"x":"190","y":"55"},"item":"马 桶"},
			"_6":{"pos":{"x":"435","y":"55"},"item":"A"},
			"_7":{"pos":{"x":"-345","y":"-123"},"item":"K"},
			"_8":{"pos":{"x":"-80","y":"-123"},"item":"Q"},
			"_9":{"pos":{"x":"190","y":"-123"},"item":"J"},
			"_10":{"pos":{"x":"435","y":"-123"},"item":"10"}
		}
	}]
}