{
	"message": [{
		"name":"_1_1",
		"content":{
			"_1":{"pos":{"x":"70","y":"205"},"item":"Tháp Lôi Phong","size":"28","explain_size":"26",
				"explain":"B.tượng SCATTER, chỉ xuất hiện ở cột\n1, 3, 5; chỉ cần xuất hiện là được tính,\nkhông cần cùng 1 dòng. Trên 3 cái sẽ\nđược FREE GAMES.",
				"explain_pos":{"x":"185","y":"118"}},
			"_2":{"pos":{"x":"-30","y":"-50"},"item":"Bạch Xà","size":"28","explain_size":"26",
				"explain":"B.tượng WILD, xuất hiện ở cột bất kỳ,\ncó thể thay tất cả các b.tượng ngoại\ntrừ SCATTER.",
				"explain_pos":{"x":"-190","y":"-140"}}
		}
	},{
		"name":"_1_2",
		"content":{
			"_1":{"pos":{"x":"-80","y":"230"},"item":"Hứa Tiên"},
			"_2":{"pos":{"x":"190","y":"230"},"item":"Thanh Xà"},
			"_3":{"pos":{"x":"-345","y":"55"},"item":"Ô Giấy"},
			"_4":{"pos":{"x":"-80","y":"55"},"item":"Thoa Vàng"},
			"_5":{"pos":{"x":"190","y":"55"},"item":"Quạt Giấy"},
			"_6":{"pos":{"x":"435","y":"55"},"item":"A"},
			"_7":{"pos":{"x":"-345","y":"-123"},"item":"K"},
			"_8":{"pos":{"x":"-80","y":"-123"},"item":"Q"},
			"_9":{"pos":{"x":"190","y":"-123"},"item":"J"},
			"_10":{"pos":{"x":"435","y":"-123"},"item":"10"}
		}
	},{
		"name":"_2_1",
		"content":{
			"_1":{"pos":{"x":"70","y":"255"},"item":"Tháp Lôi Phong","size":"28","explain_size":"26",
				"explain":"B.tượng SCATTER, xuất hiện ở cột bất\nkỳ; chỉ cần xuất hiện là được tính,\nkhông cần cùng 1 dòng. Trên 3 cái sẽ\nđược FREE GAMES.",
				"explain_pos":{"x":"180","y":"172"}},
			"_2":{"pos":{"x":"-50","y":"65"},"item":"Bạch Xà","size":"28","explain_size":"26",
				"explain":"B.tượng WILD, xuất hiện ở cột bất\nkỳ, có thể thay tất cả các b.tượng\nngoại trừ SCATTER.",
				"explain_pos":{"x":"-200","y":"-18"}},
			"_3":{"pos":{"x":"80","y":"-120"},"item":"B.tượng Thần Bí","size":"28","explain_size":"26",
				"explain":"B.tượng thần bí, chỉ xuất hiện ở cột 3,\nbiến b.tượng khác thành WILD.",
				"explain_pos":{"x":"185","y":"-200"}}
		}
	},{
		"name":"_2_2",
		"content":{
			"_1":{"pos":{"x":"-80","y":"230"},"item":"Hạc Đồng"},
			"_2":{"pos":{"x":"190","y":"230"},"item":"Linh Chi"},
			"_3":{"pos":{"x":"-345","y":"55"},"item":"Rượu Hoàng Hùng"},
			"_4":{"pos":{"x":"-80","y":"55"},"item":"Song Kiếm"},
			"_5":{"pos":{"x":"190","y":"55"},"item":"Hoa Thương"},
			"_6":{"pos":{"x":"435","y":"55"},"item":"A"},
			"_7":{"pos":{"x":"-345","y":"-123"},"item":"K"},
			"_8":{"pos":{"x":"-80","y":"-123"},"item":"Q"},
			"_9":{"pos":{"x":"190","y":"-123"},"item":"J"},
			"_10":{"pos":{"x":"435","y":"-123"},"item":"10"}
		}
	},{
		"name":"_3_1",
		"content":{
			"_1":{"pos":{"x":"80","y":"205"},"item":"Tháp Lôi Phong","size":"28","explain_size":"26",
				"explain":"B.tượng SCATTER, xuất hiện ở lượt\nbất kỳ; chỉ cần xuất hiện là được tính,\nkhông cần cùng 1 dòng. Trên cái sẽ\nđược FREE GAMES.",
				"explain_pos":{"x":"185","y":"118"}},
			"_2":{"pos":{"x":"-40","y":"-50"},"item":"Bạch Xà","size":"28","explain_size":"26",
				"explain":"B.tượng WILD, xuất hiện tất cả lượt,\ncó thể thay tất cả các b.tượng ngoại\ntrừ SCATTER.",
				"explain_pos":{"x":"-190","y":"-140"}}
		}
	},{
		"name":"_3_2",
		"content":{
			"_1":{"pos":{"x":"-80","y":"230"},"item":"Thanh Xà"},
			"_2":{"pos":{"x":"190","y":"230"},"item":"Hứa Tiên Hòa Thượng"},
			"_3":{"pos":{"x":"-345","y":"55"},"item":"Pháp Hải"},
			"_4":{"pos":{"x":"-80","y":"55"},"item":"Kim Bát"},
			"_5":{"pos":{"x":"190","y":"55"},"item":"Mộc Ngư"},
			"_6":{"pos":{"x":"435","y":"55"},"item":"A"},
			"_7":{"pos":{"x":"-345","y":"-123"},"item":"K"},
			"_8":{"pos":{"x":"-80","y":"-123"},"item":"Q"},
			"_9":{"pos":{"x":"190","y":"-123"},"item":"J"},
			"_10":{"pos":{"x":"435","y":"-123"},"item":"10"}
		}
	}]
}