{
	"message": [{
		"name":"_1_1",
		"content":{
			"_1":{"pos":{"x":"0","y":"205"},"item":"龍 珠","size":"28","explain_size":"26",
				"explain":"面獎圖示，出現在任意位置，只要出\n現即產生支付，無需連線。3個以上\n觸發FREE GAMES。",
				"explain_pos":{"x":"185","y":"115"}},
			"_2":{"pos":{"x":"-3","y":"-55"},"item":"黃 龍","size":"28","explain_size":"26",
				"explain":"百搭圖示，出現在任意位置，替代\nSCATTER以外的任意圖示。FREE\nGAMES期間，每次出獎2-4列必出统\n一圖示（SCATTER除外）。",
				"explain_pos":{"x":"-190","y":"-140"}}
		}
	},{
		"name":"_1_2",
		"content":{
			"_1":{"pos":{"x":"-80","y":"230"},"item":"熊 貓"},
			"_2":{"pos":{"x":"190","y":"230"},"item":"金 蛇"},
			"_3":{"pos":{"x":"-345","y":"55"},"item":"蝙 蝠"},
			"_4":{"pos":{"x":"-80","y":"55"},"item":"蓮 花"},
			"_5":{"pos":{"x":"190","y":"55"},"item":"八 卦"},
			"_6":{"pos":{"x":"435","y":"55"},"item":"金"},
			"_7":{"pos":{"x":"-345","y":"-123"},"item":"木"},
			"_8":{"pos":{"x":"-80","y":"-123"},"item":"水"},
			"_9":{"pos":{"x":"190","y":"-123"},"item":"火"},
			"_10":{"pos":{"x":"435","y":"-123"},"item":"土"}
		}
	},{
		"name":"_2_1",
		"content":{
			"_1":{"pos":{"x":"0","y":"255"},"item":"龍 珠","size":"28","explain_size":"26",
				"explain":"面獎圖示，出現在任意位置，只要出\n現即產生支付，無需連線。3個以上\n觸發FREE GAMES。",
				"explain_pos":{"x":"185","y":"170"}},
			"_2":{"pos":{"x":"-10","y":"65"},"item":"白 龍","size":"28","explain_size":"26",
				"explain":"百搭圖示，出現在任意位置，替代\nSCATTER以外的任意圖示。",
				"explain_pos":{"x":"-195","y":"-20"}},
			"_3":{"pos":{"x":"180","y":"-120"},"item":"倍數圖示","size":"28","explain_size":"26",
				"explain":"倍數圖示，出現在任意位置，\n達到5個以上同屏時，觸發\nFEVER GAMES。",
				"explain_pos":{"x":"300","y":"-200"}}
		}
	},{
		"name":"_2_2",
		"content":{
			"_1":{"pos":{"x":"-80","y":"230"},"item":"孔 雀"},
			"_2":{"pos":{"x":"190","y":"230"},"item":"雙 魚"},
			"_3":{"pos":{"x":"-345","y":"55"},"item":"金 雞"},
			"_4":{"pos":{"x":"-80","y":"55"},"item":"葫 蘆"},
			"_5":{"pos":{"x":"190","y":"55"},"item":"八 卦"},
			"_6":{"pos":{"x":"435","y":"55"},"item":"金"},
			"_7":{"pos":{"x":"-345","y":"-123"},"item":"木"},
			"_8":{"pos":{"x":"-80","y":"-123"},"item":"水"},
			"_9":{"pos":{"x":"190","y":"-123"},"item":"火"},
			"_10":{"pos":{"x":"435","y":"-123"},"item":"土"}
		}
	},{
		"name":"_3_1",
		"content":{
			"_1":{"pos":{"x":"0","y":"205"},"item":"龍 珠","size":"28","explain_size":"26",
				"explain":"面獎圖示，只出現在2-5列，只要出現\n即產生支付，無需連線。3個以上觸發\nFREE GAMES。",
				"explain_pos":{"x":"185","y":"115"}},
			"_2":{"pos":{"x":"-70","y":"-55"},"item":"青 龍","size":"28","explain_size":"26",
				"explain":"百搭圖示，出現在2-5列，替代特殊\n圖示以外的任意圖示。並獲得額外角\n標倍數獎勵。",
				"explain_pos":{"x":"-253","y":"-140"}}
		}
	},{
		"name":"_3_2",
		"content":{
			"_1":{"pos":{"x":"50","y":"230"},"item":"仙 鶴"},
			"_2":{"pos":{"x":"-345","y":"55"},"item":"神 龜"},
			"_3":{"pos":{"x":"-80","y":"55"},"item":"鴛 鴦"},
			"_4":{"pos":{"x":"190","y":"55"},"item":"八 卦"},
			"_5":{"pos":{"x":"435","y":"55"},"item":"金"},
			"_6":{"pos":{"x":"-345","y":"-123"},"item":"木"},
			"_7":{"pos":{"x":"-80","y":"-123"},"item":"水"},
			"_8":{"pos":{"x":"190","y":"-123"},"item":"火"},
			"_9":{"pos":{"x":"435","y":"-123"},"item":"土"}
		}
	},{
		"name":"_4_1",
		"content":{
			"_1":{"pos":{"x":"0","y":"205"},"item":"龍 珠","size":"28","explain_size":"26",
				"explain":"面獎圖示，只出現在1、3、5列，只要\n出現即產生支付，無需連線。3個即觸\n發FREE GAMES。",
				"explain_pos":{"x":"185","y":"115"}},
 			"_2":{"pos":{"x":"-3","y":"-55"},"item":"赤 龍","size":"28","explain_size":"26",
				"explain":"百搭圖示，出現在任意位置，替代\nSCATTER以外的任意圖示。",
				"explain_pos":{"x":"-190","y":"-140"}}
		}
	},{
		"name":"_4_2",
		"content":{
			"_1":{"pos":{"x":"-210","y":"230"},"item":"鳳 凰"},
			"_2":{"pos":{"x":"50","y":"230"},"item":"貔 貅"},
			"_3":{"pos":{"x":"310","y":"230"},"item":"金 虎"},
			"_4":{"pos":{"x":"-345","y":"55"},"item":"金 羊"},
			"_5":{"pos":{"x":"-80","y":"55"},"item":"銅 鼎"},
			"_6":{"pos":{"x":"190","y":"55"},"item":"銅 鐘"},
			"_7":{"pos":{"x":"445","y":"55"},"item":"金"},
			"_8":{"pos":{"x":"-345","y":"-123"},"item":"木"},
			"_9":{"pos":{"x":"-80","y":"-123"},"item":"水"},
			"_10":{"pos":{"x":"190","y":"-123"},"item":"火"},
			"_11":{"pos":{"x":"445","y":"-123"},"item":"土"}
		}
	},{
		"name":"_5_1",
		"content":{
			"_1":{"pos":{"x":"0","y":"205"},"item":"龍 珠","size":"28","explain_size":"26",
				"explain":"面獎圖示，只出現在2-5列，只要出現\n即產生支付，無需連線。3個以上觸發\nFREE GAMES。",
				"explain_pos":{"x":"185","y":"115"}},
			"_2":{"pos":{"x":"-20","y":"-55"},"item":"黑 龍","size":"28","explain_size":"26",
				"explain":"百搭圖示，出現在2-5列，替代\nSCATTER以外的任意圖示。當該圖示\n出現時，會拓展成一列WILD。",
				"explain_pos":{"x":"-205","y":"-140"}}
		}
	},{
		"name":"_5_2",
		"content":{
			"_1":{"pos":{"x":"-80","y":"230"},"item":"神 象"},
			"_2":{"pos":{"x":"190","y":"230"},"item":"奔 馬"},
			"_3":{"pos":{"x":"-345","y":"55"},"item":"白 兔"},
			"_4":{"pos":{"x":"-80","y":"55"},"item":"佛 頭"},
			"_5":{"pos":{"x":"190","y":"55"},"item":"八 卦"},
			"_6":{"pos":{"x":"435","y":"55"},"item":"金"},
			"_7":{"pos":{"x":"-345","y":"-123"},"item":"木"},
			"_8":{"pos":{"x":"-80","y":"-123"},"item":"水"},
			"_9":{"pos":{"x":"190","y":"-123"},"item":"火"},
			"_10":{"pos":{"x":"435","y":"-123"},"item":"土"}
		}
	}]
}