{
	"message": [{
		"name":"_1_1",
		"content":{
			"_1":{"pos":{"x":"60","y":"205"},"item":"Golden Phoenix","size":"28","explain_size":"26",
				"explain":"The SCATTER symbol do not need to\nappear on the payline to trigger FREE\nGAMES. Only appear on reels\n1、3、5.",
				"explain_pos":{"x":"185","y":"115"}},
			"_2":{"pos":{"x":"-3","y":"-55"},"item":"Wei","size":"28","explain_size":"26",
				"explain":"The WILD symbol can appear on 2-5\nreel and it subsititutes all of the\nsymbols except SCATTER symbols.",
				"explain_pos":{"x":"-190","y":"-140"}}
		}
	},{
		"name":"_1_2",
		"content":{
			"_1":{"pos":{"x":"-340","y":"160"},"item":"Mother Zhang"},
			"_2":{"pos":{"x":"-70","y":"160"},"item":"Linglong"},
			"_3":{"pos":{"x":"190","y":"160"},"item":"longevity lock"},
			"_4":{"pos":{"x":"442","y":"160"},"item":"Round fan"},
			"_5":{"pos":{"x":"-340","y":"-15"},"item":"Sachet"},
			"_6":{"pos":{"x":"-70","y":"-15"},"item":"Pendant"},
			"_7":{"pos":{"x":"190","y":"-15"},"item":"K"},
			"_8":{"pos":{"x":"442","y":"-15"},"item":"A"}
		}
	},{
		"name":"_2_1",
		"content":{
			"_1":{"pos":{"x":"60","y":"205"},"item":"Golden Phoenix","size":"28","explain_size":"26",
				"explain":"The SCATTER symbol do not need to\nappear on the payline to trigger\nFREE GAMES.",
				"explain_pos":{"x":"185","y":"115"}},
			"_2":{"pos":{"x":"-3","y":"-55"},"item":"Wei","size":"28","explain_size":"22",
				"explain":"The WILD symbol can appear on 2-4 reels and\nit subsititutes all of the symbol sexcept\nSCATTER symbols. Every WILD symbol appear\non the paylines, winnings get extral times.",
				"explain_pos":{"x":"-190","y":"-140"}}
		}
	},{
		"name":"_2_2",
		"content":{
			"_1":{"pos":{"x":"-80","y":"230"},"item":"Empress Rong"},
			"_2":{"pos":{"x":"190","y":"230"},"item":"Concubine Gao"},
			"_3":{"pos":{"x":"-345","y":"55"},"item":"Qing Bracelet"},
			"_4":{"pos":{"x":"-80","y":"55"},"item":"Teacup"},
			"_5":{"pos":{"x":"190","y":"55"},"item":"Hairpin"},
			"_6":{"pos":{"x":"435","y":"55"},"item":"A"},
			"_7":{"pos":{"x":"-345","y":"-123"},"item":"K"},
			"_8":{"pos":{"x":"-80","y":"-123"},"item":"Q"},
			"_9":{"pos":{"x":"190","y":"-123"},"item":"J"},
			"_10":{"pos":{"x":"435","y":"-123"},"item":"10"}
		}
	},{
		"name":"_3_1",
		"content":{
			"_1":{"pos":{"x":"60","y":"205"},"item":"Golden Phoenix","size":"28","explain_size":"26",
				"explain":"The SCATTER symbol do not need to\nappear on the payline to trigger FREE\nGAMES. Only appear on reels\n1、3、5.",
				"explain_pos":{"x":"185","y":"115"}},
			"_2":{"pos":{"x":"-3","y":"-55"},"item":"Wei","size":"28","explain_size":"22",
				"explain":"The WILD symbol can appear on 2-4 reels and\nit subsititutes all of the symbols except\nSCATTER symbols. Every WILD symbol appear\non the paylines, winnings get extral times.",
				"explain_pos":{"x":"-190","y":"-140"}}
		}
	},{
		"name":"_3_2",
		"content":{
			"_1":{"pos":{"x":"-80","y":"230"},"item":"Imperial Guard"},
			"_2":{"pos":{"x":"190","y":"230"},"item":"Linglong"},
			"_3":{"pos":{"x":"-345","y":"55"},"item":"Pendant"},
			"_4":{"pos":{"x":"-80","y":"55"},"item":"Yupei"},
			"_5":{"pos":{"x":"190","y":"55"},"item":"Night Stool"},
			"_6":{"pos":{"x":"435","y":"55"},"item":"A"},
			"_7":{"pos":{"x":"-345","y":"-123"},"item":"K"},
			"_8":{"pos":{"x":"-80","y":"-123"},"item":"Q"},
			"_9":{"pos":{"x":"190","y":"-123"},"item":"J"},
			"_10":{"pos":{"x":"435","y":"-123"},"item":"10"}
		}
	}]
}