{"width":512,"imagePath":"jin_tex.png","name":"jin","SubTexture":[{"width":138,"y":1,"height":62,"name":"金身","x":178},{"width":175,"y":1,"height":193,"name":"金头","x":1},{"frameY":-1,"y":196,"frameWidth":46,"frameHeight":45,"width":45,"height":44,"name":"金 拷贝 2","frameX":0,"x":1},{"width":33,"y":222,"height":24,"name":"金嘴闭","x":113},{"width":33,"y":196,"height":24,"name":"金嘴开","x":113},{"width":63,"y":225,"height":27,"name":"金眼开","x":48},{"width":63,"y":196,"height":27,"name":"金眼闭","x":48}],"height":256}