{"width":512,"imagePath":"mei_tex.png","SubTexture":[{"width":150,"y":1,"height":178,"name":"梅头","x":1},{"width":159,"y":1,"height":75,"name":"梅身","x":153},{"frameHeight":45,"y":181,"frameX":-2,"width":43,"frameY":0,"height":45,"name":"梅 拷贝 2","frameWidth":46,"x":71},{"width":32,"y":78,"height":23,"name":"梅嘴闭","x":153},{"width":32,"y":228,"height":23,"name":"梅嘴开","x":71},{"width":60,"y":181,"height":28,"name":"梅眼开","x":116},{"width":60,"y":211,"height":28,"name":"梅眼闭","x":116},{"width":68,"y":181,"height":67,"name":"手","x":1}],"height":256,"name":"mei"}