{"width":256,"imagePath":"ping_tex.png","SubTexture":[{"width":140,"y":170,"height":59,"name":"瓶身","x":1},{"width":162,"y":1,"height":167,"name":"瓶头","x":1},{"width":62,"y":170,"height":26,"name":"瓶眼开","x":191},{"width":62,"y":212,"height":26,"name":"瓶眼闭 ","x":143},{"width":34,"y":220,"height":20,"name":"瓶嘴闭","x":207},{"width":34,"y":198,"height":20,"name":"瓶嘴开","x":207},{"frameWidth":46,"y":170,"frameHeight":45,"width":46,"frameX":0,"height":40,"name":"瓶 拷贝 2","frameY":-3,"x":143}],"height":256,"name":"ping"}