{"SubTexture":[{"width":172,"y":169,"height":88,"name":"西身","x":1},{"width":159,"y":1,"height":166,"name":"西头","x":1},{"width":36,"y":77,"height":24,"name":"西嘴闭","x":162},{"width":36,"y":51,"height":24,"name":"西嘴开","x":162},{"frameWidth":60,"y":26,"frameHeight":24,"width":60,"frameX":0,"height":23,"name":"西眼开","frameY":-1,"x":162},{"frameWidth":60,"y":1,"frameHeight":24,"width":60,"frameX":0,"height":23,"name":"西眼闭","frameY":-1,"x":162}],"width":256,"height":512,"name":"ximenqing","imagePath":"ximenqing_tex.png"}