{"imagePath":"daxiang_tex.png","width":512,"height":256,"name":"daxiang","SubTexture":[{"frameY":-61,"y":1,"frameWidth":170,"frameHeight":170,"width":112,"height":93,"name":"大象身体","frameX":-22,"x":173},{"frameY":-30,"y":96,"frameWidth":170,"frameHeight":170,"width":60,"height":86,"name":"耳朵2","frameX":-94,"x":248},{"frameY":-31,"y":96,"frameWidth":170,"frameHeight":170,"width":73,"height":112,"name":"耳朵","frameX":-9,"x":173},{"width":170,"y":1,"height":170,"name":"大象头","x":1}]}