{"width":512,"imagePath":"fenghuang_tex.png","height":256,"name":"fenghuang","SubTexture":[{"frameHeight":170,"y":1,"frameX":-10,"width":143,"frameY":-26,"height":120,"name":"翅膀1","frameWidth":170,"x":173},{"width":170,"y":1,"height":170,"name":"尾巴","x":1},{"frameHeight":170,"y":123,"frameX":-61,"width":98,"frameY":-22,"height":123,"name":"翅膀2","frameWidth":170,"x":301},{"frameHeight":170,"y":123,"frameX":-18,"width":126,"frameY":-49,"height":111,"name":"凤凰身体","frameWidth":170,"x":173}]}