{"width":256,"imagePath":"tuzi_tex.png","name":"tuzi","SubTexture":[{"frameY":-49,"y":143,"frameWidth":170,"frameHeight":170,"width":144,"height":105,"name":"5兔子萝卜","frameX":-13,"x":1},{"frameY":-14,"y":1,"frameWidth":170,"frameHeight":170,"width":152,"height":140,"name":"4兔身体","frameX":-12,"x":1},{"frameY":-49,"y":143,"frameWidth":170,"frameHeight":170,"width":78,"height":80,"name":"3兔头","frameX":-15,"x":147},{"frameY":-21,"y":1,"frameWidth":170,"frameHeight":170,"width":41,"height":58,"name":"2耳朵","frameX":-41,"x":206},{"frameY":-29,"y":1,"frameWidth":170,"frameHeight":170,"width":49,"height":55,"name":"1耳朵","frameX":-49,"x":155}],"height":256}