{"width":256,"imagePath":"xianhe_tex.png","height":256,"name":"xianhe","SubTexture":[{"frameHeight":170,"y":91,"frameX":-15,"width":104,"frameY":-19,"height":100,"name":"4翅膀","frameWidth":180,"x":118},{"frameHeight":170,"y":1,"frameX":-41,"width":121,"frameY":-61,"height":88,"name":"3仙鹤身体","frameWidth":180,"x":118},{"frameHeight":170,"y":1,"frameX":-65,"width":115,"frameY":-28,"height":113,"name":"2翅膀","frameWidth":180,"x":1},{"frameHeight":170,"y":116,"frameX":-20,"width":55,"frameY":-66,"height":74,"name":"1头","frameWidth":180,"x":1}]}