{"width":256,"imagePath":"xiongmao_tex.png","name":"xiongmao","SubTexture":[{"frameY":-64,"y":1,"frameWidth":170,"frameHeight":170,"width":122,"height":93,"name":"4熊猫身体","frameX":-27,"x":1},{"frameY":-22,"y":91,"frameWidth":170,"frameHeight":170,"width":72,"height":118,"name":"5竹子","frameX":-90,"x":125},{"frameY":-29,"y":172,"frameWidth":170,"frameHeight":170,"width":68,"height":67,"name":"1熊猫点亮","frameX":-36,"x":1},{"frameY":-77,"y":96,"frameWidth":170,"frameHeight":170,"width":85,"height":74,"name":"2熊猫腿","frameX":-65,"x":1},{"frameY":-31,"y":1,"frameWidth":170,"frameHeight":170,"width":106,"height":88,"name":"3熊猫手臂","frameX":-27,"x":125}],"height":256}